id,client_id,order,"name","name_dashboard","version",base_package_id,"products","criteria","other_products",certificate_available,group_separately,"optional_for_certificate","notes",access_level,"start_date","discountinued_date_DEPRECATED","discontinued_date","status",list_public,list_client_admin,list_deque_admin,"package_type",price,"price_type"
1,NULL,10,"Full Curriculum","Full Curriculum","1.0",NULL,"2,1,3,13,6,9,7,14,28,10,39,35",NULL,"",0,0,"35","full",0,"2013-12-01","2017-07-31","2017-07-31","retired",0,0,0,"course",NULL,NULL
2,NULL,310,"Axe Monitor Customers","Axe Monitor Customers","1.0",NULL,"18,91,196,197,198",NULL,"",0,0,NULL,"software-based",100,"2013-12-01",NULL,NULL,"active",1,0,1,"software license",NULL,NULL
3,NULL,350,"Amaze Customers","Amaze Customers","1.0",NULL,"60,20",NULL,"",0,0,NULL,"software-based",100,"2013-12-01",NULL,NULL,"active",1,0,1,"course",NULL,NULL
4,29,1,"Deque Employees - Internal","Deque Employees - Internal",NULL,NULL,"244,246,248",NULL,"",0,1,"35","role-based",1000,"2023-12-06",NULL,NULL,"active",0,0,0,"course",NULL,NULL
6,NULL,20,"Web Accessibility","Web Accessibility Specialist","1.0",NULL,"2,1,6,13,9,3",NULL,"",1,1,NULL,"role-based",0,"2013-12-01","2017-07-31","2017-07-31","retired",0,0,0,"course",NULL,NULL
8,NULL,40,"Document Accessibility","Document Accessibility Specialists","1.0",NULL,"60,10,14,96,28,102,35,250,251",NULL,"1",0,0,"35","role-based",1000,"2013-12-01",NULL,NULL,"active",1,1,1,"course",150.00,"Curriculum Package"
10,NULL,100,"Axe Monitor Administrator","Axe Monitor Administrator","1.0",NULL,"18,60,1,3,22,197",NULL,"6,13",0,0,NULL,"role-based",100,"2013-12-01",NULL,NULL,"active",0,0,1,"course",NULL,NULL
11,NULL,400,"User Guides","All User Guides","1.0",NULL,"18,33,42,91,105,196,197,198",NULL,"",0,0,NULL,"category",1000,"2013-12-01",NULL,NULL,"active",0,0,1,"software license",NULL,NULL
12,NULL,60,"Standard Bootcamp/ILT Complementary","Standard Bootcamp/ILT Complementary","1.0",NULL,"2,1,6,13,9,3",NULL,"",0,0,NULL,"common grouping",0,"2013-12-01","2017-07-31","2017-07-31","retired",0,0,0,"course",NULL,NULL
13,NULL,315,"Axe DevTools HTML Customers","Axe DevTools HTML Customers","1.0",NULL,"31,138,141,183,187,191,196",NULL,"",0,0,NULL,"software-based",100,"2013-12-01",NULL,NULL,"active",0,0,1,"software license",NULL,NULL
14,NULL,50,"Web Accessibility Curriculum, with IAAP CPACC and WAS Certification Prep","Web Accessibility Curriculum, with IAAP CPACC and WAS Certification Prep","2.2",NULL,"240,249,201,39,60,70,237,235,236,234,63,100,65,68,69,71,61,18,30,62,64,66,67",NULL,"",0,0,NULL,"roll-based",1000,"2017-07-31",NULL,NULL,"active",1,1,1,"course",150.00,NULL
15,NULL,15,"Full Curriculum","Full Curriculum","2.2",NULL,"201,60,61,62,63,64,65,66,67,68,69,70,237,235,236,234,71,72,74,192,94,10,96,184,28,39,35,100,102,119,18,175,176,177,179,180,30,199,95,201,228,185,241,230,231,238,240,249,232,233,243,250,251",NULL,"",0,0,"35","full 2.0",1000,"2017-07-31",NULL,NULL,"active",1,1,1,"course",315.00,"Full Curriculum"
16,NULL,25,"Web Accessibility (Detailed \"Deep Dive\" Courses)","Web Accessibility (Detailed \"Deep Dive\" Courses)","2.2",NULL,"201,60,70,237,235,236,234,63,100,65,68,69,71,61,18,30,62,64,66,67",NULL,"",1,1,NULL,"role-based",0,"2017-07-31",NULL,"2023-07-25","deprecated",1,1,1,"course",150.00,"Curriculum Package"
17,NULL,45,"Document Accessibility Specialists UNFINISHED","Document Accessibility Specialists UNFINISHED","2.0",NULL,"60,61,94,95,96,97,98,35,95,250,251",NULL,"",0,0,"35","role-based",0,"2013-12-01",NULL,NULL,"in development",0,0,0,"course",NULL,"Curriculum Package"
18,NULL,55,"Accessibility Program Management","Accessibility Management","2.0",NULL,"60,231,72,74,35,119",NULL,"",1,1,NULL,"role-based",1000,"2013-12-01",NULL,NULL,"active",1,1,1,"course",150.00,"Small Curriculum Package"
19,NULL,57,"Native Mobile Apps","Mobile: Native Apps","1.0",NULL,"60,233,185,241,232,61,199",NULL,"",1,1,NULL,"role-based",1000,"2017-07-31",NULL,NULL,"active",1,1,1,"course",150.00,"Curriculum Package"
20,NULL,61,"Web Accessibility Bootcamp","Web Accessibility Bootcamp/ILT","2.0",NULL,"240,249,18,60,70,237,235,236,234,63,65,68,69,61,71,100,35,39,74,30,201,62,64,66,67",NULL,"",0,0,NULL,"",1000,"2017-07-31",NULL,NULL,"active",0,0,1,"course",0.00,NULL
21,NULL,25,"TEMP - HTML/CSS Accessibility upgrade","TEMP - HTML/CSS Accessibility upgrade","2.0",NULL,"62,63,64,65,66,67,100",NULL,"",0,0,NULL,"role-based",0,"2017-07-31","2020-12-01","2020-12-01","retired",0,0,1,"course",NULL,NULL
22,NULL,25,"TEMP - JavaScript/ARIA upgrade","TEMP - JavaScript/ARIA upgrade","2.0",NULL,"68,69",NULL,"",0,0,NULL,"role-based",0,"2017-07-31","2020-12-01","2020-12-01","retired",0,0,1,"course",NULL,NULL
23,NULL,56,"Mobile Web","Mobile Web","1.0",NULL,"1,2,3,6,9",NULL,"",0,0,NULL,"",0,"2015-01-01","2015-12-31","2015-12-31","retired",0,0,0,"course",NULL,"Curriculum Package"
24,NULL,49,"IAAP CPACC and WAS Certification Preparation","IAAP CPACC and WAS Certification Preparation","1.0",NULL,"201,2,1,6,13,9,3,39",NULL,"",0,0,NULL,"",0,"2017-03-01","2017-07-31","2017-07-31","retired",0,0,0,"course",NULL,NULL
25,NULL,120,"Microsoft","Microsoft","2.0",NULL,"45,46,47,48,49,50,51,52,53,54,55,56,57,58,59",NULL,"",0,1,NULL,"",0,"2017-01-01",NULL,NULL,"active",0,0,0,"course",NULL,NULL
26,NULL,41,"Document Accessibility (Detailed \"Deep Dive\" Courses)","Document Accessibility Specialists (Detailed \"Deep Dive\" Courses)","1.2",NULL,"201,60,238,35,94,192,95,102,96,184,10,28,184,192,230,231,243,250,251",NULL,"",1,1,NULL,"",1000,NULL,NULL,NULL,"active",0,0,0,"course",NULL,"Curriculum Package"
27,NULL,48,"IAAP WAS Certification Preparation","IAAP WAS Certification Preparation","2.2",NULL,"240,249,201,60,70,237,235,236,234,63,100,65,68,69,71,61,18,30,62,64,66,67",NULL,"",1,0,NULL,"role-based",1000,"2017-09-18",NULL,NULL,"active",1,1,1,"course",150.00,"Curriculum Package"
28,NULL,320,"Axe Auditor Customers","Axe Auditor Customers","1.0",NULL,"18,33,105",NULL,"",0,0,NULL,"software-based",1000,"2017-01-01",NULL,NULL,"active",1,0,0,"software license",0.00,NULL
29,NULL,500,"Citi Full Accessibility","Citi Full Curriculum","2.0",NULL,"39,35,230,10,18,28,78,79,80,81,82,83,84,85,86,87,88,60,70,61,94,95,96,97,98,106,102,119,175,177,179,180,184,192,30,199,228,185,234,235,236,237",NULL,"",0,1,NULL,"",0,"2018-02-15",NULL,"2023-07-25","retired",0,0,0,"course",NULL,""
30,NULL,316,"Axe DevTools Mobile (Andriod, iOS) Customers","Axe DevTools Mobile (Android, iOS) Customers","1.0",NULL,"199,185",NULL,"",0,0,NULL,"software-based",100,"2018-03-16",NULL,NULL,"active",0,0,1,"software license",NULL,NULL
31,NULL,130,"City of Seattle ADA","ADA - Seattle","1.0",NULL,"121,122,135,136,137,139,140",NULL,"",0,1,NULL,"",100,"2018-10-01",NULL,NULL,"active",0,0,0,"course",NULL,NULL
32,NULL,600,"Deque Product Training - Internal","Deque Products - Internal","1.0",NULL,"",NULL,"",0,0,NULL,"",100,"2018-06-15",NULL,NULL,"active",0,0,0,"course",NULL,NULL
33,NULL,0,"Project/Program Manager and Business Analysts","Project/Program Manager and Business Analysts",NULL,NULL,"",NULL,"",0,0,NULL,"role-based",0,NULL,NULL,NULL,"active",0,0,0,"course",NULL,NULL
34,NULL,999,"Designers","Designers","2.0",NULL,"228,60,70,35,63,100,30,235,64",NULL,"",0,1,NULL,"role-based",100,"2019-04-22",NULL,NULL,"active",0,0,0,"course",100.00,"Small Curriculum Package"
35,NULL,0,"Content Writers/Contributors","Content Writers/Contributors",NULL,NULL,"",NULL,"",0,0,NULL,"role-based",0,NULL,NULL,NULL,"active",0,0,0,"course",NULL,NULL
36,NULL,0,"Document Creators/Designers","Document Creators/Designers",NULL,NULL,"",NULL,"",0,0,NULL,"role-based",0,NULL,NULL,NULL,"active",0,0,0,"course",NULL,NULL
37,NULL,0,"General QA Testers","General QA Testers","2.0",NULL,"",NULL,"",0,0,NULL,"role-based",0,NULL,NULL,NULL,"active",0,0,0,"course",NULL,NULL
38,NULL,0,"Accessibility QA Testing","Accessibility QA Testing","2.0",NULL,"60,71,61,18,30",NULL,"",0,0,NULL,"role-based",100,"2019-04-17",NULL,NULL,"active",0,0,1,"course",NULL,"Small Curriculum Package"
40,NULL,999,"SCORM Full Curriculum","SCORM Full Curriculum","2.0",NULL,"143,144,145,146,147,148,149,150,151,152,153,154,155,156,157,158,159,160,161,162,163,164,165,166,167,168,177,179,180,184,192,30,199,201,228,185,241,230,243,249,250,251",NULL,"",0,0,NULL,"",100,"2019-06-03",NULL,NULL,"active",0,0,0,"course",NULL,"Full Curriculum"
41,NULL,1000,"SCORM Full Curriculum - Wells Fargo","SCORM Wells Fargo Full Curriculum",NULL,NULL,"169",NULL,"",0,0,NULL,"",100,"2019-04-04",NULL,NULL,"active",0,0,0,"course",NULL,"Full Curriculum"
42,NULL,131,"City of Seattle Courses","City of Seattle Courses","1.0",NULL,"121,122,131,135,136,137,139,117,181,140",NULL,"",0,1,NULL,"City of Seattle",100,"2019-06-06",NULL,NULL,"active",0,0,0,"course",NULL,NULL
43,NULL,1000,"SCORM Full Curriculum - Citi","SCORM Citi Full Curriculum",NULL,NULL,"172",NULL,"",0,0,NULL,"Citi",100,"2019-06-12",NULL,NULL,"active",0,0,0,"course",NULL,"Full Curriculum"
44,NULL,58,"Customer Service for People with Disabilities","Customer Service","1.0",NULL,"176,177,179,180",NULL,"",1,1,NULL,"",1000,"2019-10-02",NULL,NULL,"active",1,1,0,"course",110.00,"Mini Curriculum Package"
45,NULL,42,"PDF Document Accessibility","PDF Document Accessibility","1.2",NULL,"243,96,184",NULL,"",0,0,NULL,"",100,"2020-01-21",NULL,NULL,"active",0,0,0,"course",NULL,"Mini Curriculum Package"
46,NULL,9999,"Browser Extension Customers","Browser Extension Customers",NULL,NULL,"18,196",NULL,"",0,0,NULL,"",100,"2020-05-27",NULL,NULL,"active",0,0,0,"software license",NULL,NULL
47,NULL,9998,"Free Content","Free Content","1.0",NULL,"60",NULL,"",0,0,NULL,"",0,"2020-07-02",NULL,NULL,"active",0,0,0,"course",NULL,NULL
48,NULL,320,"Axe Auditor Trial","Axe Auditor Trial","1.0",NULL,"18,33,105,60,70,62,63,64,100,65,66,67,68,69,71,61,18,30",NULL,"",0,0,NULL,"software-based",1000,"2020-10-19",NULL,NULL,"active",1,0,0,"software license",0.00,NULL
49,NULL,15,"Accessibility Fundamentals","Accessibility Fundamentals","2.0",NULL,"60,35,70,74,75,231",NULL,"",1,1,NULL,"NULL",1000,"2021-03-25",NULL,NULL,"active",1,0,1,"course",0.00,NULL
50,NULL,1000,"Verizon Document Accessibility","Verizon Document Accessibility","1.0",NULL,"203,205,206,207,208,209",NULL,"",1,1,NULL,"",1000,"2022-02-01",NULL,NULL,"active",0,0,0,"course",NULL,NULL
51,NULL,1000,"Bell Canada Role-Specific Accessibility Courses","Bell Canada Video Courses","1.0",NULL,"217,210,212,213,214,215,216",NULL,"",1,1,NULL,"",1000,"2022-02-01",NULL,NULL,"active",0,0,0,"course",NULL,NULL
52,NULL,9,"Web Accessibility (condensed for T-Mobile)","T-Mobile Web Accessibility","2.2",NULL,"218,219,221,222,223,224,225,226,227",NULL,"",1,1,NULL,"",1000,"2022-05-01",NULL,NULL,"active",0,0,0,"course",NULL,NULL
53,NULL,13,"Fast Track to Accessibility (Role-Specific, for Beginners)","Fast Track to Accessibility (Role-Specific, for Beginners)","1.0",NULL,"231,228,238,243,240,249,250,251",NULL,"",0,1,NULL,"",1000,"2022-06-15",NULL,NULL,"active",0,0,0,"course",NULL,NULL
54,NULL,0,"IAAP CPACC Certification Preparation","IAAP CPACC Course and Quick Guide","2.0",NULL,"39,201,231",NULL,"",0,0,NULL,"",1000,"2020-06-21",NULL,NULL,"active",1,1,1,"course",NULL,"Curriculum Package"
55,NULL,24,"Web Accessibility - Deep Dive Curriculum","Web Accessibility - Deep Dive Curriculum","WCAG 2.2",NULL,"234,235,236,237",NULL,"",1,0,NULL,"role-based",1000,"2023-01-26",NULL,NULL,"active",1,1,1,"course",150.00,"Curriculum Package"
56,11710,0,"TMbmJMp5Gd6exHx9mr0xaXNtW7I1o7SFkWdBg7bosG4_","SZCFGpTdRZWvOALhh0mzuQxwzFT7tVIQtawmQtuVZx0_",NULL,NULL,"60,72,230",NULL,"",1,1,NULL,"",0,"2023-03-10",NULL,NULL,"active",0,0,0,"learning path",NULL,NULL
57,11710,0,"_qredgsurpGWPdosBFJJQDsIQhEVw_4GqMhxpuMslxc_","_qredgsurpGWPdosBFJJQDsIQhEVw_4GqMhxpuMslxc_",NULL,35,"60,35,238,230",NULL,"",1,1,NULL,"",0,"2023-03-10",NULL,NULL,"active",0,0,0,"learning path",NULL,NULL
58,11710,0,"0yJaH21Su7u3_sLtGvP6bwhwHT4bEVG_oe2mFWdXfAY_","0yJaH21Su7u3_sLtGvP6bwhwHT4bEVG_oe2mFWdXfAY_",NULL,19,"233,185,232,70,60,72,230",NULL,"",1,1,NULL,"",0,"2023-03-10",NULL,NULL,"active",0,0,0,"learning path",NULL,NULL
59,11710,0,"ihc7QiGyinTdgewmA3EVZlysi1rs_iZojDeFGWorCrA_","ihc7QiGyinTdgewmA3EVZlysi1rs_iZojDeFGWorCrA_",NULL,NULL,"230",NULL,"",1,0,NULL,"",0,"2023-03-10",NULL,NULL,"active",0,0,0,"learning path",NULL,NULL
60,11710,0,"fzEXNGD3X39vIJ7iiFf9Z4a3y66GkKTGDUP8FtSmBLY_","fzEXNGD3X39vIJ7iiFf9Z4a3y66GkKTGDUP8FtSmBLY_",NULL,NULL,"228",NULL,"",1,0,NULL,"",0,"2023-03-10",NULL,NULL,"active",0,0,0,"learning path",NULL,NULL
61,11710,0,"CQY_Ga2GDMBda4MJqnODJK5aySb3S8zgp9EHpPIbkJ0_","CQY_Ga2GDMBda4MJqnODJK5aySb3S8zgp9EHpPIbkJ0_",NULL,34,"60,35,238,228,70,64,63,100,230,235,30",NULL,"",1,1,NULL,"",0,"2023-03-10",NULL,NULL,"active",0,0,0,"learning path",NULL,NULL
62,11710,0,"RYupo07JurEW5gX6MUEuNogQoqXhxU1_0PzX3TEmehg_","RYupo07JurEW5gX6MUEuNogQoqXhxU1_0PzX3TEmehg_",NULL,16,"18,71,70,62,60,64,69,67,66,68,63,30,228,61,100,65,230,201,237,235,236,234",NULL,"",1,1,NULL,"",0,"2023-03-10",NULL,NULL,"active",0,0,0,"learning path",NULL,NULL
63,11710,0,"7HgIMfzF6xuxhFdeQdNyz7G7L1pu_GumCWSINszGxPE_","7HgIMfzF6xuxhFdeQdNyz7G7L1pu_GumCWSINszGxPE_",NULL,38,"18,71,60,61,30,230",NULL,"",1,1,NULL,"",0,"2023-03-10",NULL,NULL,"active",0,0,0,"learning path",NULL,NULL
64,11710,0,"GA3qZ2NCHEFarO_rkYGzaAnChkhwvDdzdnb14N_bO5c_","wQyKKbCIsRUaQQcDoyn2VoUUm6X0O7tSeS9KZNPkctM_",NULL,18,"60,231,119,72,74,35,230",NULL,"",1,1,NULL,"",0,"2023-03-10",NULL,NULL,"active",0,0,0,"learning path",NULL,NULL
65,11710,0,"pq_z9F_7yfWrukQFgC2WANQYmdz0nUE97CSNOVzUod0_","DOMK1bQ1S80Yeokt9NjN6A0cO43jzhg2Cnv6wbzKVOM_",NULL,26,"60,35,238,184,10,96,28,102,95,94,230,201,231",NULL,"",1,1,NULL,"",0,"2023-03-10",NULL,NULL,"active",0,0,0,"learning path",NULL,NULL
66,NULL,26,"Web Accessibility and IAAP CPACC Certification Preparation","Web Accessibility and IAAP CPACC Preparation","2.2",NULL,"240,249,201,39,60,70,237,235,236,234,63,100,65,68,69,71,61,18,30,62,64,66,67",NULL,"",1,0,NULL,"",1000,"2023-05-10",NULL,NULL,"active",0,0,0,"course",NULL,"Curriculum Package"
67,29,0,"CYh0nb_4xQms0OL5qF5Ux4dFF9DD3GfszKthe_bMm1M_","CYh0nb_4xQms0OL5qF5Ux4dFF9DD3GfszKthe_bMm1M_",NULL,44,"176,177,179,180",NULL,"",1,1,NULL,"",1000,"2023-05-13",NULL,NULL,"active",0,0,0,"learning path",NULL,NULL
68,21661,0,"yb5F0fmVgmkLhk3tDyf_yF6vw654jqd4H0ys7Bllhmw_","yb5F0fmVgmkLhk3tDyf_yF6vw654jqd4H0ys7Bllhmw_",NULL,NULL,"60,231,176,177,179,180",NULL,"",0,1,NULL,"",0,"2023-05-30",NULL,NULL,"active",0,0,0,"learning path",NULL,"Full Curriculum"
69,21661,0,"VgRq3VBqQMBu1PX87J34vgGwUc_bqKKnBau1mpfsnDc_","VgRq3VBqQMBu1PX87J34vgGwUc_bqKKnBau1mpfsnDc_",NULL,NULL,"240,60,100,237,235,236,234,68,69",NULL,"",0,1,NULL,"",0,"2023-05-30",NULL,NULL,"active",0,0,0,"learning path",NULL,"Full Curriculum"
70,21661,0,"JURJiT5_KfQuGpE48Om0Q7LgwCDMTV2p_NfXlI3E6O8_","JURJiT5_KfQuGpE48Om0Q7LgwCDMTV2p_NfXlI3E6O8_",NULL,NULL,"60,233,185,232",NULL,"",0,1,NULL,"",0,"2023-05-30",NULL,NULL,"active",0,0,0,"learning path",NULL,NULL
71,21661,0,"aRZ1IHBrlFTXasufrlgfEZeUFSREqODxpkjSfa_gTmA_","aRZ1IHBrlFTXasufrlgfEZeUFSREqODxpkjSfa_gTmA_",NULL,NULL,"60,71,61",NULL,"",0,1,NULL,"",0,"2023-05-30",NULL,NULL,"active",0,0,0,"learning path",NULL,NULL
72,21661,0,"wML2VEh6aZS0PEhKDUAh_tz7f35aTpNvIbO2NJj_jo4_","wML2VEh6aZS0PEhKDUAh_tz7f35aTpNvIbO2NJj_jo4_",NULL,NULL,"60,231,71",NULL,"",0,1,NULL,"",0,"2023-05-30",NULL,NULL,"active",0,0,0,"learning path",NULL,"Full Curriculum"
73,21661,0,"uH0QVT3WizQvlaFmfIPWG95hxEU_oMo0eHeREL8ifSE_","uH0QVT3WizQvlaFmfIPWG95hxEU_oMo0eHeREL8ifSE_",NULL,NULL,"60,228,70,35,233,63,30,235",NULL,"",0,1,NULL,"",0,"2023-05-30",NULL,NULL,"active",0,0,0,"learning path",NULL,"Full Curriculum"
74,21661,0,"7sYrMIiK3mVKaZgk1IM4rhpw0ASeoPzGtCAideR0pCM_","7sYrMIiK3mVKaZgk1IM4rhpw0ASeoPzGtCAideR0pCM_",NULL,NULL,"60,231,177,179,180",NULL,"",0,1,NULL,"",0,"2023-05-30",NULL,NULL,"active",0,0,0,"learning path",NULL,"Full Curriculum"
75,12292,0,"Lr1RNOI9jkTvJ0f_cBSpvZxGWF7_LRTdy7VYEm3pi_0_","Lr1RNOI9jkTvJ0f_cBSpvZxGWF7_LRTdy7VYEm3pi_0_",NULL,NULL,"",NULL,"",0,1,NULL,"",0,"2023-06-13",NULL,NULL,"active",0,0,0,"learning path",NULL,NULL
76,12292,0,"Bv65vnfwNUW2YMSqFNej3_uWauozaOKV8nwUdo3d8CQ_","Bv65vnfwNUW2YMSqFNej3_uWauozaOKV8nwUdo3d8CQ_",NULL,NULL,"",NULL,"",0,1,NULL,"",0,"2023-06-13",NULL,NULL,"active",0,0,0,"learning path",NULL,NULL
77,12292,0,"tq_aHHQZLXuAXAusqU58oFMVT1UUj3uZoa94ofFseEI_","tq_aHHQZLXuAXAusqU58oFMVT1UUj3uZoa94ofFseEI_",NULL,NULL,"",NULL,"",0,1,NULL,"",0,"2023-06-13",NULL,NULL,"active",0,0,0,"learning path",NULL,NULL
78,12292,0,"pYAqGDsC7ykMfl12xBjWJmOqpIcuP8wlom44OpWMLBA_","pYAqGDsC7ykMfl12xBjWJmOqpIcuP8wlom44OpWMLBA_",NULL,NULL,"",NULL,"",0,1,NULL,"",0,"2023-06-13",NULL,NULL,"active",0,0,0,"learning path",NULL,NULL
79,12292,0,"hbgLKMeXA977VZ4KUFUp0WS9F8V_OScVElGDb8zGZcw_","hbgLKMeXA977VZ4KUFUp0WS9F8V_OScVElGDb8zGZcw_",NULL,NULL,"60,35,177,179,180,231,233,119,74,176",NULL,"",0,1,NULL,"",0,"2023-06-13",NULL,NULL,"active",0,0,0,"learning path",NULL,NULL
80,12292,0,"WyYCLNosLQVVCiIV7RQMotJ3YkX_lmRHb1K8YO8cJu0_","WyYCLNosLQVVCiIV7RQMotJ3YkX_lmRHb1K8YO8cJu0_",NULL,NULL,"185,96,230,201,232,102,95,94",NULL,"",0,1,NULL,"",0,"2023-06-13",NULL,NULL,"active",0,0,0,"learning path",NULL,NULL
81,12292,0,"pbP3csyOdgxH2KuvM3h8zADROMsp_W7_nh8gPU_Xu8Y_","pbP3csyOdgxH2KuvM3h8zADROMsp_W7_nh8gPU_Xu8Y_",NULL,NULL,"",NULL,"",0,1,NULL,"",0,"2023-06-13",NULL,NULL,"active",0,0,0,"learning path",NULL,NULL
82,12292,0,"sC4RWRfjaQ_85VPX2KAvngoRwFpVuOduwe_Hnv0lJQo_","sC4RWRfjaQ_85VPX2KAvngoRwFpVuOduwe_Hnv0lJQo_",NULL,NULL,"",NULL,"",0,1,NULL,"",0,"2023-06-13",NULL,NULL,"active",0,0,0,"learning path",NULL,NULL
83,12292,0,"M01_I_1__ggqfgJa2C0DxDGghbyPDKaRCW3pEjiqsjg_","M01_I_1__ggqfgJa2C0DxDGghbyPDKaRCW3pEjiqsjg_",NULL,NULL,"60,184,96,35",NULL,"",0,1,NULL,"",0,"2023-06-13",NULL,NULL,"active",0,0,0,"learning path",NULL,NULL
84,12292,0,"qCLaCCm6GsvDMXQpzr4brgJ7wOJaeyvCYoVQHLDU1GY_","qCLaCCm6GsvDMXQpzr4brgJ7wOJaeyvCYoVQHLDU1GY_",NULL,NULL,"28,10,102,95,192,94",NULL,"",0,1,NULL,"",0,"2023-06-13",NULL,NULL,"active",0,0,0,"learning path",NULL,NULL
85,12292,0,"QXtWTI25UJ_xOE0_MgauH9_OBdiIpjotcXNYT5WU0Co_","QXtWTI25UJ_xOE0_MgauH9_OBdiIpjotcXNYT5WU0Co_",NULL,NULL,"",NULL,"",0,1,NULL,"",0,"2023-06-13",NULL,NULL,"active",0,0,0,"learning path",NULL,NULL
86,12292,0,"QzJsJfglWXLdoIiwL2mltXpaEAmt45SXW8NuWLPIeLY_","QzJsJfglWXLdoIiwL2mltXpaEAmt45SXW8NuWLPIeLY_",NULL,NULL,"",NULL,"",0,1,NULL,"",0,"2023-06-13",NULL,NULL,"active",0,0,0,"learning path",NULL,NULL
90,12292,0,"EqByttNYWWWbjsvl3hPYCLfc0iD8bmRMCCouVXkcKdw_","EqByttNYWWWbjsvl3hPYCLfc0iD8bmRMCCouVXkcKdw_",NULL,NULL,"",NULL,"",0,1,NULL,"",0,"2023-06-13",NULL,NULL,"active",0,0,0,"learning path",NULL,NULL
91,12292,0,"kiP5QV5spThaNsE3pKbDlwIjsnpdk2a7nynL2vQhjsQ_","kiP5QV5spThaNsE3pKbDlwIjsnpdk2a7nynL2vQhjsQ_",NULL,NULL,"60,185,232,233,199,74,235,64",NULL,"",0,1,NULL,"",0,"2023-06-13",NULL,NULL,"active",0,0,0,"learning path",NULL,NULL
92,12292,0,"HJYnGBFBkm7rgMdZGdOzZ_M0vrq3WxyWdBa5dkM9FFs_","HJYnGBFBkm7rgMdZGdOzZ_M0vrq3WxyWdBa5dkM9FFs_",NULL,NULL,"70,237,62",NULL,"",0,1,NULL,"",0,"2023-06-13",NULL,NULL,"active",0,0,0,"learning path",NULL,NULL
93,12292,0,"hIV10CN7Qk4haovocENaIb5HlgkSpKbsYXxoDSgKnYw_","hIV10CN7Qk4haovocENaIb5HlgkSpKbsYXxoDSgKnYw_",NULL,NULL,"",NULL,"",0,1,NULL,"",0,"2023-06-13",NULL,NULL,"active",0,0,0,"learning path",NULL,NULL
94,12292,0,"oGsoa2pDvaIKbnpSuoFSkxpbacdYm4b_226qKUxqX_8_","oGsoa2pDvaIKbnpSuoFSkxpbacdYm4b_226qKUxqX_8_",NULL,NULL,"",NULL,"",0,1,NULL,"",0,"2023-06-13",NULL,NULL,"active",0,0,0,"learning path",NULL,NULL
95,12292,0,"Mi_wBS4BG_BcpdnHpbVlNLS0vc_iojADRajQdiaO1gs_","Mi_wBS4BG_BcpdnHpbVlNLS0vc_iojADRajQdiaO1gs_",NULL,NULL,"60,185,70,232,233,199,71,61",NULL,"",0,1,NULL,"",0,"2023-06-13",NULL,NULL,"active",0,0,0,"learning path",NULL,NULL
96,12292,0,"fFn_HpH08oegKD53LUpbGEKZAI_mBOC2Xr_qZ_taPoQ_","fFn_HpH08oegKD53LUpbGEKZAI_mBOC2Xr_qZ_taPoQ_",NULL,NULL,"",NULL,"",0,1,NULL,"",0,"2023-06-13",NULL,NULL,"active",0,0,0,"learning path",NULL,NULL
97,12292,0,"jx_FhqcP0jEi9ECB3rzpVzlpPfpe11s9j7pfw7maVH4_","jx_FhqcP0jEi9ECB3rzpVzlpPfpe11s9j7pfw7maVH4_",NULL,NULL,"",NULL,"",0,1,NULL,"",0,"2023-06-13",NULL,NULL,"active",0,0,0,"learning path",NULL,NULL
98,12292,0,"3X25_cbf_Y5q5OWy5xOydoAzHEiKqwNex2Uk2c6HuSI_","3X25_cbf_Y5q5OWy5xOydoAzHEiKqwNex2Uk2c6HuSI_",NULL,NULL,"",NULL,"",0,1,NULL,"",0,"2023-06-13",NULL,NULL,"active",0,0,0,"learning path",NULL,NULL
99,12292,0,"YL2TAJYKQ7OqCj0BhSPN3Gado0BMjG5bzNlduuA1lWA_","YL2TAJYKQ7OqCj0BhSPN3Gado0BMjG5bzNlduuA1lWA_",NULL,NULL,"60,35,69,70,236,66,68,234,67,201,63,65,100,237,62,30,235,64,71,61",NULL,"",0,1,NULL,"",0,"2023-06-13",NULL,NULL,"active",0,0,0,"learning path",NULL,NULL
100,12292,0,"SpQefer0IN2i4Oax8UdZcNuNUmgVViXaDawTmHxaQWU_","SpQefer0IN2i4Oax8UdZcNuNUmgVViXaDawTmHxaQWU_",NULL,NULL,"185,232,233,199",NULL,"",0,1,NULL,"",0,"2023-06-13",NULL,NULL,"active",0,0,0,"learning path",NULL,NULL
101,12292,0,"tmitwqxzRkxu02_0Kwd3rgzhA7iNtLA588z7TyaKD6E_","tmitwqxzRkxu02_0Kwd3rgzhA7iNtLA588z7TyaKD6E_",NULL,NULL,"",NULL,"",0,1,NULL,"",0,"2023-06-13",NULL,NULL,"active",0,0,0,"learning path",NULL,NULL
102,12292,0,"Pf8oaWCi45hpFPnFT6lnepzQ7hbVwlRV4h8Is5wXVS8_","Pf8oaWCi45hpFPnFT6lnepzQ7hbVwlRV4h8Is5wXVS8_",NULL,NULL,"",NULL,"",0,1,NULL,"",0,"2023-06-13",NULL,NULL,"active",0,0,0,"learning path",NULL,NULL
103,12292,0,"ZiVjuQRvMizmElpx_e4bYHHA1zU_otFmlZevhRj9b0A_","ZiVjuQRvMizmElpx_e4bYHHA1zU_otFmlZevhRj9b0A_",NULL,NULL,"60,35,177,179,180,231,119,176",NULL,"",0,1,NULL,"",0,"2023-06-13",NULL,NULL,"active",0,0,0,"learning path",NULL,NULL
104,12292,0,"bK2l2fyhYeumvZb_16ACb5KkeXsftWSJeQujRnyFKzU_","bK2l2fyhYeumvZb_16ACb5KkeXsftWSJeQujRnyFKzU_",NULL,NULL,"72,96,230,28,102,95,94",NULL,"",0,1,NULL,"",0,"2023-06-13",NULL,NULL,"active",0,0,0,"learning path",NULL,NULL
105,12292,0,"e8BPG7I1SvXjNMMfkpA_A2Co__Z8SyllLgnot_zjofI_","e8BPG7I1SvXjNMMfkpA_A2Co__Z8SyllLgnot_zjofI_",NULL,NULL,"184,192",NULL,"",0,1,NULL,"",0,"2023-06-13",NULL,NULL,"active",0,0,0,"learning path",NULL,NULL
106,12292,0,"lsYeJiixwE6Lle1b9yIhADrQRGijr5abDXZqxiVQ5vc_","lsYeJiixwE6Lle1b9yIhADrQRGijr5abDXZqxiVQ5vc_",NULL,NULL,"",NULL,"",0,1,NULL,"",0,"2023-06-13",NULL,NULL,"active",0,0,0,"learning path",NULL,NULL
107,12292,0,"bvCdaF_UKR5UyWagZeuw2WqTAGfb7dOydRXQVlL_OiQ_","bvCdaF_UKR5UyWagZeuw2WqTAGfb7dOydRXQVlL_OiQ_",NULL,NULL,"60,72,185,70,177,231,234,67,232,233,199,65,100,71,61",NULL,"",0,1,NULL,"",0,"2023-06-13",NULL,NULL,"active",0,0,0,"learning path",NULL,NULL
108,12292,0,"mTlBdw8fphbrkwcH2GAaYAm_lPsnng_9km4HWlz5SpI_","mTlBdw8fphbrkwcH2GAaYAm_lPsnng_9km4HWlz5SpI_",NULL,NULL,"",NULL,"",0,1,NULL,"",0,"2023-06-13",NULL,NULL,"active",0,0,0,"learning path",NULL,NULL
109,12292,0,"Zk5AG2pMl3KT1l0QzCvQWTf5By3Im7KpUQk69HMHNmw_","Zk5AG2pMl3KT1l0QzCvQWTf5By3Im7KpUQk69HMHNmw_",NULL,NULL,"",NULL,"",0,1,NULL,"",0,"2023-06-13",NULL,NULL,"active",0,0,0,"learning path",NULL,NULL
110,12292,0,"XJfbgDU_iXwQi6SnP1LMOdXgFWZrxuLfGuVW4KKn22Y_","XJfbgDU_iXwQi6SnP1LMOdXgFWZrxuLfGuVW4KKn22Y_",NULL,NULL,"",NULL,"",0,1,NULL,"",0,"2023-06-13",NULL,NULL,"active",0,0,0,"learning path",NULL,NULL
111,12292,0,"0cXINPq06_5brwWGO9TL4yy97wMtbZnmaByaZgCGyEE_","0cXINPq06_5brwWGO9TL4yy97wMtbZnmaByaZgCGyEE_",NULL,NULL,"60,185,236,66,234,67,63,232,233,199,65,100,237,62,235,64,18,71,61",NULL,"",0,1,NULL,"",0,"2023-06-13",NULL,NULL,"active",0,0,0,"learning path",NULL,NULL
112,12292,0,"i5C9TQqZKPAQAf_KQZWPSR1_G_sQgJpO_6i6HVmYRK8_","i5C9TQqZKPAQAf_KQZWPSR1_G_sQgJpO_6i6HVmYRK8_",NULL,NULL,"69,68",NULL,"",0,1,NULL,"",0,"2023-06-13",NULL,NULL,"active",0,0,0,"learning path",NULL,NULL
113,12292,0,"7WkXgwZ6FFXKFwDppGSF9JsvI3V65ETrfqHh1bPv88E_","7WkXgwZ6FFXKFwDppGSF9JsvI3V65ETrfqHh1bPv88E_",NULL,NULL,"",NULL,"",0,1,NULL,"",0,"2023-06-13",NULL,NULL,"active",0,0,0,"learning path",NULL,NULL
114,12292,0,"LG2MVd07CrlBKjROJaq629iGRmyK0hWdV7L_JuEJ4qE_","LG2MVd07CrlBKjROJaq629iGRmyK0hWdV7L_JuEJ4qE_",NULL,NULL,"",NULL,"",0,1,NULL,"",0,"2023-06-13",NULL,NULL,"active",0,0,0,"learning path",NULL,NULL
115,12292,0,"PZavWgjGn7Wz_HQkkWb7rwimyVEyhYBJQzyT662k8r4_","PZavWgjGn7Wz_HQkkWb7rwimyVEyhYBJQzyT662k8r4_",NULL,NULL,"60,72,184,185,175,96,35,69,70,236,66,177,68,179,180,230,28,228,231,234,67,201,39,63,10,232,233,199,102,95,192,94,65,119,100,74,237,62,176,30,235,64,18,71,61",NULL,"",0,1,NULL,"",0,"2023-06-13",NULL,NULL,"active",0,0,0,"learning path",NULL,NULL
116,12292,0,"VU7X55T9Cp4uCe4iTBUXg4_UDW8nfu3insTsHxsjxxY_","VU7X55T9Cp4uCe4iTBUXg4_UDW8nfu3insTsHxsjxxY_",NULL,NULL,"",NULL,"",0,1,NULL,"",0,"2023-06-13",NULL,NULL,"active",0,0,0,"learning path",NULL,NULL
117,12292,0,"ILLWxBYd24bMkJ0MGvzS66cXNPAvllwOqYgCkOe5iFE_","ILLWxBYd24bMkJ0MGvzS66cXNPAvllwOqYgCkOe5iFE_",NULL,NULL,"",NULL,"",0,1,NULL,"",0,"2023-06-13",NULL,NULL,"active",0,0,0,"learning path",NULL,NULL
118,12292,0,"_mdIfYlK1oYvCIXODJ0TqrnnGJOduPRhisi9YWxHIHM_","_mdIfYlK1oYvCIXODJ0TqrnnGJOduPRhisi9YWxHIHM_",NULL,NULL,"",NULL,"",0,1,NULL,"",0,"2023-06-13",NULL,NULL,"active",0,0,0,"learning path",NULL,NULL
119,12292,0,"Ku0jq0cULVE_GWTHSXzptHe0z1nyS0ZiDav0ZTcc_28_","Ku0jq0cULVE_GWTHSXzptHe0z1nyS0ZiDav0ZTcc_28_",NULL,NULL,"35,70,228,233,199",NULL,"",0,1,NULL,"",0,"2023-06-13",NULL,NULL,"active",0,0,0,"learning path",NULL,NULL
120,12292,0,"j3VxFQGtEC4_kM2C_rXJ_9RkhPnUfm8mL7O5QeP18dE_","j3VxFQGtEC4_kM2C_rXJ_9RkhPnUfm8mL7O5QeP18dE_",NULL,NULL,"60,185,236,66,234,67,63,232,65,100,237,62,30,235,64",NULL,"",0,1,NULL,"",0,"2023-06-13",NULL,NULL,"active",0,0,0,"learning path",NULL,NULL
121,12292,0,"zXpC6N7iw3gxhGaM6o7AEer_vRNWL2JDCm3_Sy33B5o_","zXpC6N7iw3gxhGaM6o7AEer_vRNWL2JDCm3_Sy33B5o_",NULL,NULL,"",NULL,"",0,1,NULL,"",0,"2023-06-13",NULL,NULL,"active",0,0,0,"learning path",NULL,NULL
122,12292,0,"toaCBsEwjDVkHrVN_qF0xUFjV6vkJUsn8v28x_605kA_","toaCBsEwjDVkHrVN_qF0xUFjV6vkJUsn8v28x_605kA_",NULL,NULL,"",NULL,"",0,1,NULL,"",0,"2023-06-13",NULL,NULL,"active",0,0,0,"learning path",NULL,NULL
123,12292,0,"tX0r5XnlDx__srmNJZI_Td7_BqfBfnKlqikaKQ_b7nk_","tX0r5XnlDx__srmNJZI_Td7_BqfBfnKlqikaKQ_b7nk_",NULL,NULL,"60,185,233,199,74,235,64",NULL,"",0,1,NULL,"",0,"2023-06-13",NULL,NULL,"active",0,0,0,"learning path",NULL,NULL
124,12292,0,"CH56JmA_UEz_TqtdD8Uxmb9ZCE1_1VQZ7ddeZ2kPN4U_","CH56JmA_UEz_TqtdD8Uxmb9ZCE1_1VQZ7ddeZ2kPN4U_",NULL,NULL,"70,237,62",NULL,"",0,1,NULL,"",0,"2023-06-13",NULL,NULL,"active",0,0,0,"learning path",NULL,NULL
125,12292,0,"CnWPF8zxZnqFmrwIwxpbs9TKoIwebuqs_7fioxlZTrU_","CnWPF8zxZnqFmrwIwxpbs9TKoIwebuqs_7fioxlZTrU_",NULL,NULL,"232",NULL,"",0,1,NULL,"",0,"2023-06-13",NULL,NULL,"active",0,0,0,"learning path",NULL,NULL
126,12292,0,"C6HdKQGcWx1x6qoU4P76TJxgayvIO1Spw2w80fN1lf4_","C6HdKQGcWx1x6qoU4P76TJxgayvIO1Spw2w80fN1lf4_",NULL,NULL,"",NULL,"",0,1,NULL,"",0,"2023-06-13",NULL,NULL,"active",0,0,0,"learning path",NULL,NULL
127,12292,0,"2HAbInlH3_jSamRlKBzdscSaDaotAjnsSpXB5BoVWoc_","2HAbInlH3_jSamRlKBzdscSaDaotAjnsSpXB5BoVWoc_",NULL,NULL,"60,70,232,233,199,71,61",NULL,"",0,1,NULL,"",0,"2023-06-13",NULL,NULL,"active",0,0,0,"learning path",NULL,NULL
128,12292,0,"lCu_fWDTmF4xk5tVmsbzB2rAZLZ_FoWCyAyOY7iEYrA_","lCu_fWDTmF4xk5tVmsbzB2rAZLZ_FoWCyAyOY7iEYrA_",NULL,NULL,"",NULL,"",0,1,NULL,"",0,"2023-06-13",NULL,NULL,"active",0,0,0,"learning path",NULL,NULL
129,12292,0,"AT0PL_7si9hnZ0Ce5emXg_BaKtbt48efMl8wMoYxhXA_","AT0PL_7si9hnZ0Ce5emXg_BaKtbt48efMl8wMoYxhXA_",NULL,NULL,"185",NULL,"",0,1,NULL,"",0,"2023-06-13",NULL,NULL,"active",0,0,0,"learning path",NULL,NULL
130,12292,0,"EqByttNYWWWbjsvl3hPYCLfc0iD8bmRMCCouVXkcKdw_","EqByttNYWWWbjsvl3hPYCLfc0iD8bmRMCCouVXkcKdw_",NULL,NULL,"",NULL,"",0,1,NULL,"",0,"2023-06-13",NULL,NULL,"active",0,0,0,"learning path",NULL,NULL
131,12292,0,"j2GCYId5iaellNcHVOj1zEx4Yf_rAr77XJI1KtawB7Y_","j2GCYId5iaellNcHVOj1zEx4Yf_rAr77XJI1KtawB7Y_",NULL,NULL,"18",NULL,"",0,1,NULL,"",0,"2023-06-13",NULL,NULL,"active",0,0,0,"learning path",NULL,NULL
132,11710,0,"bQCgGBDDSzNnFwSUs33KnRmoFPJ8AkvZjStfV9Nn9q8_","_BN1poKuO_TsZxZ5KYZdYMUL7LKCfFg9y_Sew8DIU9U_",NULL,NULL,"60,72",NULL,"",1,1,NULL,"",0,"2023-03-10",NULL,NULL,"active",0,0,0,"learning path",NULL,"Full Curriculum"
133,11710,0,"fHNvJCn06NilberohygDuIUaQ3UKFkoa7yOuoUg_DHM_","OBS5ztc4A8PiKCoLV7Gq0eQx0fPp64IDNcz4rzC30RM_",NULL,NULL,"230",NULL,"",1,1,NULL,"",0,"2023-03-10",NULL,NULL,"active",0,0,0,"learning path",NULL,"Full Curriculum"
135,11710,0,"CQOAJT3_PtLiLAPoOSbGr43n8pRtXxJRcL58WMxqB9c_","CQOAJT3_PtLiLAPoOSbGr43n8pRtXxJRcL58WMxqB9c_",NULL,35,"60,35,250",NULL,"",1,1,NULL,"",0,"2023-03-10",NULL,NULL,"active",0,0,0,"learning path",NULL,"Full Curriculum"
136,11710,0,"KUldmla_Z3HKKmVneR8yiQRCez3VRzEEopySIhD4zLE_","KUldmla_Z3HKKmVneR8yiQRCez3VRzEEopySIhD4zLE_",NULL,35,"230",NULL,"",1,1,NULL,"",0,"2023-03-10",NULL,NULL,"active",0,0,0,"learning path",NULL,"Full Curriculum"
138,11710,0,"llXeWkocWavd0zfdsxL3_LViz_HQGuRzrLg9iXDMtbc_","llXeWkocWavd0zfdsxL3_LViz_HQGuRzrLg9iXDMtbc_",NULL,34,"60,35,228",NULL,"",1,1,NULL,"",0,"2023-03-10",NULL,NULL,"active",0,0,0,"learning path",NULL,"Full Curriculum"
139,11710,0,"W3GgqeQu8zqgLDOKNtMvmTXbI18plV0_wtc_j_Iinj8_","W3GgqeQu8zqgLDOKNtMvmTXbI18plV0_wtc_j_Iinj8_",NULL,34,"70,64,63,250",NULL,"",1,1,NULL,"",0,"2023-03-10",NULL,NULL,"active",0,0,0,"learning path",NULL,"Full Curriculum"
140,11710,0,"v8sMg8WMYRrpzgTXDj2QJqTzs6nJHp4eLOcVbQe_fAI_","v8sMg8WMYRrpzgTXDj2QJqTzs6nJHp4eLOcVbQe_fAI_",NULL,34,"100,30,230,235",NULL,"",1,1,NULL,"",0,"2023-03-10",NULL,NULL,"active",0,0,0,"learning path",NULL,"Full Curriculum"
141,11710,0,"BPoFcD5InXxrfzJ0JO5G_b4kuDQTaDmhiwGlGSR_hhE_","2S9NcYP3tbjFV2GncOIQUmw5V43J2RDN5xnr19kJCss_",NULL,26,"250,251,60,35,96,231",NULL,"",1,1,NULL,"",0,"2023-03-10",NULL,NULL,"active",0,0,0,"learning path",NULL,"Full Curriculum"
142,11710,0,"IQ5wfRDk2NExwlmn1PMFOyKDTMx_ATnW_DnE4OkvSfo_","rb0etfjrEP3v_WtHcc6EnGlrbzu0WFPMqJGkPEGv_pU_",NULL,26,"184,230,94,102,95",NULL,"",1,1,NULL,"",0,"2023-03-10",NULL,NULL,"active",0,0,0,"learning path",NULL,"Full Curriculum"
143,11710,0,"yTdDAUwdf_mJrokyuVRRjGZdT8f8teDojmhYfIcZXFc_","wxmtsi43ByMPalz1MIOOu_tdw2y_3rJAa0aFhDmEPLY_",NULL,26,"28,10",NULL,"",1,1,NULL,"",0,"2023-03-10",NULL,NULL,"active",0,0,0,"learning path",NULL,"Full Curriculum"
144,11710,0,"fgHuyTDxGYvcE4VtNV8_LAeJOiG20JyJr7dpL8EPgfg_","vP_r2qFFBDW16cQoIwIiXEnlLYdHhSn_Cp5qnOJD4po_",NULL,18,"60,231",NULL,"",1,1,NULL,"",0,"2023-03-10",NULL,NULL,"active",0,0,0,"learning path",NULL,NULL
145,11710,0,"FwD8gJ2h1hFl8_8GdmATg1FX5zmtI43yu69whgKxkF8_","8E_2I5GMEBzl1JtBDOf5Xu1_4OfabE8Vt8ankyTXOs0_",NULL,18,"119,72",NULL,"",1,1,NULL,"",0,"2023-03-10",NULL,NULL,"active",0,0,0,"learning path",NULL,NULL
146,11710,0,"CGDdVTxhGgzECPLal8ms1OITXfgNxCBAuOuRspGqLHo_","2GT4Exac_Yt5CsRtq2tCk9QB0hO2XcmeSodrb1sz4zI_",NULL,18,"74,35,230,250",NULL,"",1,1,NULL,"",0,"2023-03-10",NULL,NULL,"active",0,0,0,"learning path",NULL,"Full Curriculum"
147,11710,0,"TtXfIvihGHQSgee3_xgSX_etTKe5B3Qk5MglGU_LG44_","TtXfIvihGHQSgee3_xgSX_etTKe5B3Qk5MglGU_LG44_",NULL,19,"70,233,185,232",NULL,"",1,1,NULL,"",0,"2023-03-10",NULL,NULL,"active",0,0,0,"learning path",NULL,"Full Curriculum"
148,11710,0,"IPFuY7XFuwyvph8PdhaWDkwHK3lj73v_se6kt_ogYE8_","IPFuY7XFuwyvph8PdhaWDkwHK3lj73v_se6kt_ogYE8_",NULL,19,"60",NULL,"",1,1,NULL,"",0,"2023-03-10",NULL,NULL,"active",0,0,0,"learning path",NULL,"Full Curriculum"
149,11710,0,"bWyaaw9RnBMXiJs97qCGjw86tDgKWQEoBAmQZv_Lirs_","bWyaaw9RnBMXiJs97qCGjw86tDgKWQEoBAmQZv_Lirs_",NULL,19,"72,230,250",NULL,"",1,1,NULL,"",0,"2023-03-10",NULL,NULL,"active",0,0,0,"learning path",NULL,"Full Curriculum"
150,11710,0,"Dph443pU2jnBTWbCdnH3KlG0YX0vpRdbYormgmy1XUA_","Dph443pU2jnBTWbCdnH3KlG0YX0vpRdbYormgmy1XUA_",NULL,38,"18,71",NULL,"",1,1,NULL,"",0,"2023-03-10",NULL,NULL,"active",0,0,0,"learning path",NULL,"Full Curriculum"
151,11710,0,"6xRS7uDA3ec6Un_vedykrmv6SQH2NGvdNT2_jw7zgEk_","6xRS7uDA3ec6Un_vedykrmv6SQH2NGvdNT2_jw7zgEk_",NULL,38,"60,30,61",NULL,"",1,1,NULL,"",0,"2023-03-10",NULL,NULL,"active",0,0,0,"learning path",NULL,"Full Curriculum"
152,11710,0,"_5jRGG0f0Da56Kks_XcO7kW3S8Kgt4Ni0MfyHJHhFM4_","_5jRGG0f0Da56Kks_XcO7kW3S8Kgt4Ni0MfyHJHhFM4_",NULL,16,"70,240,62,18,71",NULL,"",1,1,NULL,"",0,"2023-03-10",NULL,NULL,"active",0,0,0,"learning path",NULL,"Full Curriculum"
154,11710,0,"j7p0OIzjJe9PWfez9RNNRE9e1DTVeLe0O6kWQTLpCSk_","j7p0OIzjJe9PWfez9RNNRE9e1DTVeLe0O6kWQTLpCSk_",NULL,16,"60,69,66,68,67,63,30,64,61,100,65",NULL,"",1,1,NULL,"",0,"2023-03-10",NULL,NULL,"active",0,0,0,"learning path",NULL,"Full Curriculum"
155,11710,0,"_BFAhPXRoA4mYDv2uKnCZ9hEy3uF7LlyEe7otfW71Oo_","_BFAhPXRoA4mYDv2uKnCZ9hEy3uF7LlyEe7otfW71Oo_",NULL,16,"230,237,235,236,234,250",NULL,"",1,1,NULL,"",0,"2023-03-10",NULL,NULL,"active",0,0,0,"learning path",NULL,"Full Curriculum"
156,11710,0,"Lrw8UwAQKzYKXGPNJKGkgw2opsl4C72O3BQMw0LVHOk_","Lrw8UwAQKzYKXGPNJKGkgw2opsl4C72O3BQMw0LVHOk_",NULL,38,"230,250",NULL,"",1,1,NULL,"",0,"2023-03-10",NULL,NULL,"active",0,0,0,"learning path",NULL,"Full Curriculum"
157,18098,0,"_GubTVst_WEIWbWBIKo_epTPC9WRB8PS2eDi6kScXQU_","_GubTVst_WEIWbWBIKo_epTPC9WRB8PS2eDi6kScXQU_",NULL,NULL,"60,71,237,63,61,234,236",NULL,"",1,1,NULL,"",0,"2023-08-17",NULL,NULL,"active",0,0,0,"learning path",NULL,NULL
158,18098,0,"qOrqkwFyrXjx4dNJiuRVPaudO5_DE1ft9HEupgPwZ8g_","qOrqkwFyrXjx4dNJiuRVPaudO5_DE1ft9HEupgPwZ8g_",NULL,NULL,"68,69",NULL,"",1,1,NULL,"",0,"2023-08-17",NULL,NULL,"active",0,0,0,"learning path",NULL,NULL
159,18098,0,"9ERcmSDg4fPyAhQIC5YpPdxm_jH8BB4muSBpucCtskk_","9ERcmSDg4fPyAhQIC5YpPdxm_jH8BB4muSBpucCtskk_",NULL,NULL,"235,100,65",NULL,"",1,1,NULL,"",0,"2023-08-17",NULL,NULL,"active",0,0,0,"learning path",NULL,NULL
160,18098,0,"UvRL6aji_J4qzOaf9XrdsLyBYidxyOAKsw7IuYRguoE_","UvRL6aji_J4qzOaf9XrdsLyBYidxyOAKsw7IuYRguoE_",NULL,NULL,"243,238,230",NULL,"",1,1,NULL,"",0,"2023-08-17",NULL,NULL,"active",0,0,0,"learning path",NULL,NULL
161,18098,0,"0TPUoH3dagdacyexKRIso3a3mAZR0e3Nt64bFj1Qq4g_","0TPUoH3dagdacyexKRIso3a3mAZR0e3Nt64bFj1Qq4g_",NULL,NULL,"94,95,96",NULL,"",1,1,NULL,"",0,"2023-08-17",NULL,NULL,"active",0,0,0,"learning path",NULL,NULL
162,18098,0,"GcqA707E5qzjsLcM6Kc7NhLGlFcsgBMbkvwOgiw0_uc_","GcqA707E5qzjsLcM6Kc7NhLGlFcsgBMbkvwOgiw0_uc_",NULL,NULL,"102,184",NULL,"",1,1,NULL,"",0,"2023-08-17",NULL,NULL,"active",0,0,0,"learning path",NULL,NULL
163,18098,0,"TSeiRSFMTilaNnBOfx6xu6BBEFYRZjSzNibD7ZY_VpI_","TSeiRSFMTilaNnBOfx6xu6BBEFYRZjSzNibD7ZY_VpI_",NULL,NULL,"231,230",NULL,"",1,1,NULL,"",0,"2023-08-17",NULL,NULL,"active",0,0,0,"learning path",NULL,NULL
164,18098,0,"dbsrEEATElutMSly0fNY_g0D0cC7KhpIM7gHICLDdSY_","dbsrEEATElutMSly0fNY_g0D0cC7KhpIM7gHICLDdSY_",NULL,NULL,"72,119,74",NULL,"",1,1,NULL,"",0,"2023-08-17",NULL,NULL,"active",0,0,0,"learning path",NULL,NULL
165,18098,0,"Hw5qfpF_uFJmunrTxLPUzwFgOmLhq4f4_7ONF5IATPQ_","Hw5qfpF_uFJmunrTxLPUzwFgOmLhq4f4_7ONF5IATPQ_",NULL,NULL,"71",NULL,"",1,1,NULL,"",0,"2023-08-17",NULL,NULL,"active",0,0,0,"learning path",NULL,NULL
166,18098,0,"sxv3BfHLTpV0dHJ9CJ0RSzW2nWsASDat6URXjouqFn0_","sxv3BfHLTpV0dHJ9CJ0RSzW2nWsASDat6URXjouqFn0_",NULL,NULL,"231,230",NULL,"",1,1,NULL,"",0,"2023-08-17",NULL,NULL,"active",0,0,0,"learning path",NULL,NULL
167,18098,0,"JK5DPT4J7VYSltRxgLo_7jhjMxisYd3v_lQve133Abk_","JK5DPT4J7VYSltRxgLo_7jhjMxisYd3v_lQve133Abk_",NULL,NULL,"119,74",NULL,"",1,1,NULL,"",0,"2023-08-17",NULL,NULL,"active",0,0,0,"learning path",NULL,NULL
168,18098,0,"AXjQh0nWYeXn8UgxVmBrPpzvd_pOIQwyQvA_yZS72c4_","AXjQh0nWYeXn8UgxVmBrPpzvd_pOIQwyQvA_yZS72c4_",NULL,NULL,"231,230",NULL,"",1,1,NULL,"",0,"2023-08-17",NULL,NULL,"active",0,0,0,"learning path",NULL,NULL
169,18098,0,"Fcym7KxHaY7cdkbFrrNOyXmUZPezkWSmKoTpfeV3YOs_","Fcym7KxHaY7cdkbFrrNOyXmUZPezkWSmKoTpfeV3YOs_",NULL,NULL,"72,119,74",NULL,"",1,1,NULL,"",0,"2023-08-17",NULL,NULL,"active",0,0,0,"learning path",NULL,NULL
170,29,0,"Courses Under Development","Courses Under Development",NULL,NULL,"252,253",NULL,"",0,1,NULL,"",1000,"2023-08-19",NULL,NULL,"active",0,0,0,"course",NULL,NULL
171,29,0,"EolxAY2WYghwEJxbEJKv3PqLRx8WPzmqfucWaDuFjRw_","EolxAY2WYghwEJxbEJKv3PqLRx8WPzmqfucWaDuFjRw_",NULL,NULL,"119,60,231",NULL,"",1,1,NULL,"",0,"2023-08-24",NULL,NULL,"active",0,0,0,"learning path",NULL,"Full Curriculum"
172,29,0,"d8TVaxlDJMFPJsbfkhbp2tB43LwLSXA4vmy78LxZgN0_","d8TVaxlDJMFPJsbfkhbp2tB43LwLSXA4vmy78LxZgN0_",NULL,NULL,"72,71",NULL,"",1,1,NULL,"",0,"2023-08-24",NULL,NULL,"active",0,0,0,"learning path",NULL,"Full Curriculum"
173,29,0,"DGEoCMFMS6GjIdS0tNh9YGk51bh6ZmtTwH27pCYxrY4_","DGEoCMFMS6GjIdS0tNh9YGk51bh6ZmtTwH27pCYxrY4_",NULL,NULL,"238,96,94,95",NULL,"",1,1,NULL,"",0,"2023-08-24",NULL,NULL,"active",0,0,0,"learning path",NULL,"Full Curriculum"
174,29,0,"cI5PaOghL2CB9LUo1AftqsRbeEIM_4zXcl37DNm6Xrg_","cI5PaOghL2CB9LUo1AftqsRbeEIM_4zXcl37DNm6Xrg_",NULL,NULL,"61,18",NULL,"",1,1,NULL,"",0,"2023-08-24",NULL,NULL,"active",0,0,0,"learning path",NULL,"Full Curriculum"
175,1029,0,"oZyiZmyoDCZbJEQ_XaGUPeBU4_5T_5kLVAp4tGqLfn","oZyiZmyoDCZbJEQ_XaGUPeBU4_5T_5kLVAp4tGqLfn",NULL,NULL,"119,177,231,60,72,70",NULL,"",1,1,NULL,"",0,"2023-08-30",NULL,NULL,"active",0,0,0,"learning path",NULL,"Curriculum Package"
176,19561,0,"SUJ_DA3QwrOqAXPUNrVgf8ckLYzKy","SUJ_DA3QwrOqAXPUNrVgf8ckLYzKy",NULL,NULL,"60,70,35,94,95,102,96,233",NULL,"",1,1,NULL,"",0,"2023-09-29",NULL,NULL,"active",1,0,0,"learning path",NULL,"Full Curriculum"
177,15704,0,"o5bGx4vOC9Dyka44T4m60UbBkqUBJbIrqVdtR2n","o5bGx4vOC9Dyka44T4m60UbBkqUBJbIrqVdtR2n",NULL,NULL,"60,70,240,249,237,235,236,234,63,100,65,68,69,71,61,18,30,62,64,66,67,238,231,35,94,192,95,102,96,184,10,28,230,228,201,39,72,74,119,177,176,179,180,233,185,232,241,175",NULL,"",1,1,NULL,"",0,"0000-00-00",NULL,NULL,"active",1,0,0,"learning path",NULL,"Full Curriculum"
178,15704,0,"a3p07ELAa1gXlKvqiTqXlLAbC8qe0OxZ","a3p07ELAa1gXlKvqiTqXlLAbC8qe0OxZ",NULL,NULL,"60,72,177,179,180,231",NULL,"",1,1,NULL,"",0,"0000-00-00",NULL,NULL,"active",1,0,0,"learning path",NULL,"Full Curriculum"
179,15704,0,"IcpPLP02Vh_piirbjrumpUHot1NI7u3k","IcpPLP02Vh_piirbjrumpUHot1NI7u3k",NULL,34,"228,60,70,63,235,100,35",NULL,"",1,1,NULL,"",0,"0000-00-00",NULL,NULL,"active",1,0,0,"course",NULL,"Full Curriculum"
180,15704,0,"0F4dV40S6D7UhuWP2_Fe8iI0GIjtg1rxP","0F4dV40S6D7UhuWP2_Fe8iI0GIjtg1rxP",NULL,NULL,"60,70,237,63,235,100,65,236,234,68,69,71,61,18,30,240",NULL,"",1,1,NULL,"",0,"0000-00-00",NULL,NULL,"active",1,0,0,"learning path",NULL,"Full Curriculum"
181,15704,0,"pS44O5MaoAL0e1iBpBiu1h9uFiZK6NJGnsN3_7r9SLI_","pS44O5MaoAL0e1iBpBiu1h9uFiZK6NJGnsN3_7r9SLI_",NULL,NULL,"60,72,74,35,119,231",NULL,"",1,1,NULL,"",0,"0000-00-00",NULL,NULL,"active",1,0,0,"learning path",NULL,"Full Curriculum"
182,15704,0,"NxaZWxEVedno_9fWmh6VTEnz3deMdWvalfMa","NxaZWxEVedno_9fWmh6VTEnz3deMdWvalfMa",NULL,NULL,"60,72,231",NULL,"",1,1,NULL,"",0,"0000-00-00",NULL,NULL,"active",1,0,0,"learning path",NULL,"Full Curriculum"
183,15704,0,"VudXEVcR6AqE_tRBW2ONVvzVpQKB02BDBXuadt","VudXEVcR6AqE_tRBW2ONVvzVpQKB02BDBXuadt",NULL,NULL,"60,71,61,18,30,240",NULL,"",1,1,NULL,"",0,"0000-00-00",NULL,NULL,"active",1,0,0,"learning path",NULL,"Full Curriculum"
184,15704,0,"XZqJOQXZpte5JSWg7zUCZEobgP4LkW7dXK8h9s3u0","XZqJOQXZpte5JSWg7zUCZEobgP4LkW7dXK8h9s3u0",NULL,NULL,"60,70,237,63,235,100,65,236,234,68,69,71,61,18,30,240",NULL,"",1,1,NULL,"",0,"0000-00-00",NULL,NULL,"active",1,0,0,"learning path",NULL,"Full Curriculum"
185,15704,0,"89asYoQ6ZkReONIIW_n9hcocWzFxgJ6zPqw4NIyEZ","89asYoQ6ZkReONIIW_n9hcocWzFxgJ6zPqw4NIyEZ",NULL,NULL,"60,70,237,235,236,234,63,100,65,68,69,71,61,18,30",NULL,"",1,1,NULL,"",0,"0000-00-00",NULL,NULL,"active",1,0,0,"learning path",NULL,"Full Curriculum"
186,15704,0,"YiUvj0cDAteikA19vMzYOLZkLJ4jL36KfdBw9gdbTgc_","YiUvj0cDAteikA19vMzYOLZkLJ4jL36KfdBw9gdbTgc_",NULL,NULL,"60,238,231,35,94,192,95,102,96,184,10,28,230",NULL,"",1,1,NULL,"",0,"0000-00-00",NULL,NULL,"active",1,0,0,"learning path",NULL,"Full Curriculum"
187,15704,0,"O35YhtIWXludcwkZ53Zgy5ymqaf1J29IwdI91i7uPe4_","O35YhtIWXludcwkZ53Zgy5ymqaf1J29IwdI91i7uPe4_",NULL,NULL,"60,72,74,35,119,231",NULL,"",1,1,NULL,"",0,"0000-00-00",NULL,NULL,"active",1,0,0,"learning path",NULL,"Full Curriculum"
188,15704,0,"Weo9WBjKJofEFr7pxDiSqawkgvpicxVK1uz_R4Qv9U","Weo9WBjKJofEFr7pxDiSqawkgvpicxVK1uz_R4Qv9U",NULL,NULL,"60,233,185,241,232,61",NULL,"",1,1,NULL,"",0,"0000-00-00",NULL,NULL,"active",1,0,0,"learning path",NULL,"Full Curriculum"
189,15704,0,"kBfGISUEqG4_KuPwTRQs7i_qM5uDYdTpj7nHe","kBfGISUEqG4_KuPwTRQs7i_qM5uDYdTpj7nHe",NULL,NULL,"228,60,70,35,63,100,30,235,64",NULL,"",1,1,NULL,"",0,"0000-00-00",NULL,NULL,"active",1,0,0,"learning path",NULL,"Full Curriculum"
190,15704,0,"hLXdEGsPpZhaA1LpB0_S55LY1YVAxTTGjPO9tvYsG4Q_","hLXdEGsPpZhaA1LpB0_S55LY1YVAxTTGjPO9tvYsG4Q_",NULL,NULL,"231",NULL,"",1,1,NULL,"",0,"0000-00-00",NULL,NULL,"active",1,0,0,"learning path",NULL,"Full Curriculum"
191,15704,0,"T_Izr5Mjv2s0YGB4jJHFiTVCMK1jE67ntaclVW3se2E_","T_Izr5Mjv2s0YGB4jJHFiTVCMK1jE67ntaclVW3se2E_",NULL,NULL,"238",NULL,"",1,1,NULL,"",0,"0000-00-00",NULL,NULL,"active",1,0,0,"learning path",NULL,"Full Curriculum"
192,15704,0,"4_d0QsuktVDLABxtaAvUreKxSCgjMntkiS2tEipIYNI_","4_d0QsuktVDLABxtaAvUreKxSCgjMntkiS2tEipIYNI_",NULL,NULL,"228",NULL,"",1,1,NULL,"",0,"0000-00-00",NULL,NULL,"active",1,0,0,"course",NULL,"Full Curriculum"
193,15704,0,"WirIhb0beULHZbPTX5NALLMsBunwVd53qoVO7jN15CE_","WirIhb0beULHZbPTX5NALLMsBunwVd53qoVO7jN15CE_",NULL,NULL,"240",NULL,"",1,1,NULL,"",0,"0000-00-00",NULL,NULL,"active",1,0,0,"learning path",NULL,"Full Curriculum"
194,15704,0,"WLQT7XYDgv1wAeGyeLa9e5zdfBv2N63REbXQRavbLdQ_","WLQT7XYDgv1wAeGyeLa9e5zdfBv2N63REbXQRavbLdQ_",NULL,NULL,"243",NULL,"",1,1,NULL,"",0,"0000-00-00",NULL,NULL,"active",1,0,0,"learning path",NULL,"Full Curriculum"
195,24570,0,"3bQiSprVkVk_XYvTtO_0E__dDLxH5UAKB6gb","3bQiSprVkVk_XYvTtO_0E__dDLxH5UAKB6gb",NULL,NULL,"231,105,70,271,101,273,100,65,236,234,68,69,71,61,18",NULL,"",1,1,NULL,"",0,"0000-00-00",NULL,NULL,"active",1,0,0,"learning path",NULL,"Full Curriculum"
196,24570,0,"gIQsnbT5xOQ44kn3B3_dHo5Lalv_fz7toSm","gIQsnbT5xOQ44kn3B3_dHo5Lalv_fz7toSm",NULL,NULL,"231,71,61,18",NULL,"",1,1,NULL,"",0,"0000-00-00",NULL,NULL,"active",1,0,0,"learning path",NULL,"Full Curriculum"
197,24570,0,"J8UDD_FOPZIVbUPNIJ1yESVcI7f8ScyIvCo","J8UDD_FOPZIVbUPNIJ1yESVcI7f8ScyIvCo",NULL,NULL,"231,71,61,18",NULL,"",1,1,NULL,"",0,"0000-00-00",NULL,NULL,"active",1,0,0,"learning path",NULL,"Full Curriculum"
198,24570,0,"lwV53IGdVUFKE2fOlI7a8l2Qsk89OeZRF","lwV53IGdVUFKE2fOlI7a8l2Qsk89OeZRF",NULL,NULL,"201,35,72,105,70,271,101,273,100,65,236,234,68,69,71,61,18,39",NULL,"",1,1,NULL,"",0,"0000-00-00",NULL,NULL,"active",1,0,0,"learning path",NULL,"Full Curriculum"
199,11710,0,"lTK_kSNmPWC9aWgDsc4RnhXk4R_KcSsHgMuMM_d2nGY_","lTK_kSNmPWC9aWgDsc4RnhXk4R_KcSsHgMuMM_d2nGY_",NULL,NULL,"60,30,70,250",NULL,"",1,1,NULL,"",0,"0000-00-00",NULL,NULL,"active",1,0,0,"learning path",NULL,"Full Curriculum"
200,11710,0,"oGreSvX__6LyYunNj4qmnBO9ABi_fKOUGsxi5iP49I4_","oGreSvX__6LyYunNj4qmnBO9ABi_fKOUGsxi5iP49I4_",NULL,NULL,"35,231",NULL,"",1,1,NULL,"",0,"0000-00-00",NULL,NULL,"active",1,0,0,"learning path",NULL,"Full Curriculum"
201,11710,0,"9YZLOnJVhL1s_0F1_fpXXVlXTKEiW8fdp646RpdoNyY_","9YZLOnJVhL1s_0F1_fpXXVlXTKEiW8fdp646RpdoNyY_",NULL,NULL,"230",NULL,"",1,1,NULL,"",0,"0000-00-00",NULL,NULL,"active",1,0,0,"learning path",NULL,"Full Curriculum"
202,1029,0,"oZyiZmyoDCZbJEQ_XaGUPeBU4_5T_5kLVAp4tGqLfn","oZyiZmyoDCZbJEQ_XaGUPeBU4_5T_5kLVAp4tGqLfn",NULL,NULL,"60,72,74,35,119,231,60",NULL,"",1,1,NULL,"",0,"0000-00-00",NULL,NULL,"active",1,0,0,"learning path",NULL,"Full Curriculum"
203,1029,0,"WAgnsXbrYiLnzZrLxHydNhVX39LK0gT5G","WAgnsXbrYiLnzZrLxHydNhVX39LK0gT5G",NULL,NULL,"228,60,70,63,235,100,35",NULL,"",1,1,NULL,"",0,"0000-00-00",NULL,NULL,"active",1,0,0,"learning path",NULL,"Full Curriculum"
204,1029,0,"EaYbd3PrlCQjh70ouicOmNCnYzVDm6ShKawBKNNr7ro_","EaYbd3PrlCQjh70ouicOmNCnYzVDm6ShKawBKNNr7ro_",NULL,NULL,"228,60,35,63",NULL,"",1,1,NULL,"",0,"0000-00-00",NULL,NULL,"active",1,0,0,"learning path",NULL,"Full Curriculum"
205,1029,0,"WfcpZTe1nKvxjJLz75nAEnSS2SSZpDvDPE","WfcpZTe1nKvxjJLz75nAEnSS2SSZpDvDPE",NULL,NULL,"240,60,70,237,63,235,100,65,236,234,68,69,71,61,18,30",NULL,"",1,1,NULL,"",0,"0000-00-00",NULL,NULL,"active",1,0,0,"learning path",NULL,"Full Curriculum"
206,1029,0,"RBNaTkCiD3pp9mIiixAdpMNbv5CgHPzf3I","RBNaTkCiD3pp9mIiixAdpMNbv5CgHPzf3I",NULL,NULL,"60,70,237,63,235,100,65,236,234,68,69,71,61,18,30,240",NULL,"",1,1,NULL,"",0,"0000-00-00",NULL,NULL,"active",1,0,0,"learning path",NULL,"Full Curriculum"
207,1029,0,"yljPP11dyYxNTjhU0DNWmup4u7FAMfUHWdqI","yljPP11dyYxNTjhU0DNWmup4u7FAMfUHWdqI",NULL,NULL,"60,72,74,35,119,231",NULL,"",1,1,NULL,"",0,"0000-00-00",NULL,NULL,"active",1,0,0,"learning path",NULL,"Full Curriculum"
208,1029,0,"53wP65cBFopQHd6qM5_Pjih_Lwfal_LTLz3jNLC5tv","53wP65cBFopQHd6qM5_Pjih_Lwfal_LTLz3jNLC5tv",NULL,NULL,"60,72,74,35,119,231",NULL,"",1,1,NULL,"",0,"0000-00-00",NULL,NULL,"active",1,0,0,"learning path",NULL,"Full Curriculum"
209,1029,0,"qwIQWYvHmY2D4A2lSgEnurp_kuKyAhTJxwq","qwIQWYvHmY2D4A2lSgEnurp_kuKyAhTJxwq",NULL,NULL,"60,70,233,185,232,185",NULL,"",1,1,NULL,"",0,"0000-00-00",NULL,NULL,"active",1,0,0,"learning path",NULL,"Full Curriculum"
210,1029,0,"raoqLGhYxmuYPCvN_qvcRqxMQlbta55yVv4uC37ha","raoqLGhYxmuYPCvN_qvcRqxMQlbta55yVv4uC37ha",NULL,NULL,"231,238,243,60,35,94,95,102,96,184,230,10,28",NULL,"",1,1,NULL,"",0,"0000-00-00",NULL,NULL,"active",1,0,0,"learning path",NULL,"Full Curriculum"
211,1029,0,"ZvIKmUEIDndcTio83UbijuM9P4ORvfeLFwGcogLzFTY_","ZvIKmUEIDndcTio83UbijuM9P4ORvfeLFwGcogLzFTY_",NULL,NULL,"176,177,179,180",NULL,"",1,1,NULL,"",0,"0000-00-00",NULL,NULL,"active",1,0,0,"learning path",NULL,"Full Curriculum"
212,11686,0,"o5bGx4vOC9Dyka44T4m60UbBkqUBJbIrqVdtR2n","o5bGx4vOC9Dyka44T4m60UbBkqUBJbIrqVdtR2n",NULL,NULL,"201,60,70,237,235,236,234,63,100,65,68,69,71,61,18,240,30,62,64,66,67,231,238,243,250,251,35,94,192,95,102,96,184,10,28,230,72,74,119,228,39,175,176,177,179,180,233,185,232,241,249",NULL,"",1,1,NULL,"",0,"0000-00-00",NULL,NULL,"active",1,0,0,"learning path",NULL,"Full Curriculum"
213,11686,0,"8QeS9WBP_Kga4W_YhIpqHjrMAErbTQ4Q_","8QeS9WBP_Kga4W_YhIpqHjrMAErbTQ4Q_",NULL,NULL,"228,60,119,70,63,235,100,35",NULL,"",1,1,NULL,"",0,"0000-00-00",NULL,NULL,"active",1,0,0,"learning path",NULL,"Full Curriculum"
214,11686,0,"0F4dV40S6D7UhuWP2_Fe8iI0GIjtg1rxP","0F4dV40S6D7UhuWP2_Fe8iI0GIjtg1rxP",NULL,NULL,"60,119,70,237,63,235,100,65,236,234,68,69,71,61,18,30,240",NULL,"",1,1,NULL,"",0,"0000-00-00",NULL,NULL,"unknown",1,0,0,"learning path",NULL,"Full Curriculum"
215,11686,0,"Weo9WBjKJofEFr7pxDiSqawkgvpicxVK1uz_R4Qv9U","Weo9WBjKJofEFr7pxDiSqawkgvpicxVK1uz_R4Qv9U",NULL,NULL,"60,119,233,185,241,232,61",NULL,"",1,1,NULL,"",0,"0000-00-00",NULL,NULL,"active",1,0,0,"learning path",NULL,"Full Curriculum"
216,11686,0,"HyWmCO9OjyUAtlnQX3EsWhjAusrcYjbWKN88hCD_xvY_","HyWmCO9OjyUAtlnQX3EsWhjAusrcYjbWKN88hCD_xvY_",NULL,NULL,"60,119,72,231",NULL,"",1,1,NULL,"",0,"0000-00-00",NULL,NULL,"unknown",1,0,0,"course",NULL,"Full Curriculum"
217,11686,0,"VudXEVcR6AqE_tRBW2ONVvzVpQKB02BDBXuadt","VudXEVcR6AqE_tRBW2ONVvzVpQKB02BDBXuadt",NULL,NULL,"60,119,71,61,18,30,240",NULL,"",1,1,NULL,"",0,"0000-00-00",NULL,NULL,"active",1,0,0,"learning path",NULL,"Full Curriculum"
218,11686,0,"XZqJOQXZpte5JSWg7zUCZEobgP4LkW7dXK8h9s3u0","XZqJOQXZpte5JSWg7zUCZEobgP4LkW7dXK8h9s3u0",NULL,NULL,"60,70,237,63,235,100,65,236,234,68,69,71,61,18,30,240",NULL,"",1,1,NULL,"",0,"0000-00-00",NULL,NULL,"active",1,0,0,"learning path",NULL,"Full Curriculum"
219,11686,0,"YiUvj0cDAteikA19vMzYOLZkLJ4jL36KfdBw9gdbTgc_","YiUvj0cDAteikA19vMzYOLZkLJ4jL36KfdBw9gdbTgc_",NULL,NULL,"60,119,238,231,35,94,192,95,102,243,96,184",NULL,"",1,1,NULL,"",0,"0000-00-00",NULL,NULL,"active",1,0,0,"learning path",NULL,"Full Curriculum"
220,24671,0,"YiUvj0cDAteikA19vMzYOLZkLJ4jL36KfdBw9gdbTgc_","YiUvj0cDAteikA19vMzYOLZkLJ4jL36KfdBw9gdbTgc_",NULL,NULL,"201,60,231,238,243,250,251,35,94,192,95,102,96,184,10,28,230",NULL,"",1,1,NULL,"",0,"0000-00-00",NULL,NULL,"active",1,0,1,"learning path",NULL,"Full Curriculum"
221,24671,0,"O35YhtIWXludcwkZ53Zgy5ymqaf1J29IwdI91i7uPe4_","O35YhtIWXludcwkZ53Zgy5ymqaf1J29IwdI91i7uPe4_",NULL,NULL,"60,72,35,74,119,231",NULL,"",1,1,NULL,"",0,"0000-00-00",NULL,NULL,"active",1,0,0,"learning path",NULL,"Full Curriculum"
222,24671,0,"e6AABhfCJQn8X5WSjXrGcnsHeDcawXMbp4YKhfWmH0E_","e6AABhfCJQn8X5WSjXrGcnsHeDcawXMbp4YKhfWmH0E_",NULL,NULL,"60,63,64,235,100,70,35,30,228",NULL,"",1,0,NULL,"",0,"0000-00-00",NULL,NULL,"active",1,0,0,"learning path",NULL,"Full Curriculum"
223,24884,0,"E6AXGp9vPDs2WV6CkOPgY8ge6Lqaocjd_whyMDir","E6AXGp9vPDs2WV6CkOPgY8ge6Lqaocjd_whyMDir",NULL,NULL,"60,71,61,18,30,240,249",NULL,"",1,1,NULL,"",0,"0000-00-00",NULL,NULL,"active",1,0,0,"learning path",NULL,"Full Curriculum"
224,24884,0,"KOXIpxgSAueV7hiAf0YYY2r0UiGybRuUGB_7wFMeHqk","KOXIpxgSAueV7hiAf0YYY2r0UiGybRuUGB_7wFMeHqk",NULL,NULL,"60,70,237,63,235,100,65,236,234,68,69,71,61,18,30,240,249",NULL,"",1,1,NULL,"",0,"0000-00-00",NULL,NULL,"active",1,0,0,"learning path",NULL,"Full Curriculum"
225,24884,0,"0DyfyRPjrho4hvdmsiz96m63jdAdkuNgQALymLh16","0DyfyRPjrho4hvdmsiz96m63jdAdkuNgQALymLh16",NULL,NULL,"60,72,231",NULL,"",1,1,NULL,"",0,"0000-00-00",NULL,NULL,"active",1,0,0,"learning path",NULL,"Full Curriculum"
226,24884,0,"CDYVb9q0bkn3kSaa2mpJ7ekJmKSBT5cLW7pQn5_pF_","CDYVb9q0bkn3kSaa2mpJ7ekJmKSBT5cLW7pQn5_pF_",NULL,NULL,"240,249,231,243,250,251,228",NULL,"",1,1,NULL,"",0,"0000-00-00",NULL,NULL,"active",1,0,0,"learning path",NULL,"Full Curriculum"
227,21023,0,"e6AABhfCJQn8X5WSjXrGcnsHeDcawXMbp4YKhfWmH0E_","e6AABhfCJQn8X5WSjXrGcnsHeDcawXMbp4YKhfWmH0E_",NULL,NULL,"228,60,70,35,63,100,30,235",NULL,"",1,1,NULL,"",0,"2012-12-23",NULL,NULL,"active",1,0,0,"learning path",NULL,"Full Curriculum"
228,21023,0,"7EjkYZMQS_HIhMvMnMLKul7Qa0ayIIloIYN3fgy_XYk_","7EjkYZMQS_HIhMvMnMLKul7Qa0ayIIloIYN3fgy_XYk_",NULL,NULL,"201,60,70,237,235,236,234,63,100,65,68,69,71,61,18,240,249,30,62,64,66,67",NULL,"",1,1,NULL,"",0,"2012-12-23",NULL,NULL,"active",1,0,0,"learning path",NULL,"Full Curriculum"
229,21023,0,"E6AXGp9vPDs2WV6CkOPgY8ge6Lqaocjd_whyMDir","E6AXGp9vPDs2WV6CkOPgY8ge6Lqaocjd_whyMDir",NULL,NULL,"60,71,61,18,240,249",NULL,"",1,1,NULL,"",0,"2012-12-23",NULL,NULL,"unknown",1,0,0,"learning path",NULL,"Full Curriculum"
230,21023,0,"KOXIpxgSAueV7hiAf0YYY2r0UiGybRuUGB_7wFMeHqk","KOXIpxgSAueV7hiAf0YYY2r0UiGybRuUGB_7wFMeHqk",NULL,NULL,"240,249,60,70,237,63,235,100,65,236,234,68,69,71,61,18",NULL,"",1,1,NULL,"",0,"2012-12-23",NULL,NULL,"active",1,0,0,"learning path",NULL,"Full Curriculum"
231,21023,0,"qM8jb_mnjt9oRPnfdvV7eoTB3RhxMvB2_r1dCyssJag_","qM8jb_mnjt9oRPnfdvV7eoTB3RhxMvB2_r1dCyssJag_",NULL,NULL,"60,70,233,185,232,241",NULL,"",1,1,NULL,"",0,"2012-12-23",NULL,NULL,"active",1,0,0,"learning path",NULL,"Full Curriculum"
232,25400,0,"wadF5QZULN52x4UvNDDHeZPUdu3jo7BdPcCD0FUjjGQ_","wadF5QZULN52x4UvNDDHeZPUdu3jo7BdPcCD0FUjjGQ_",NULL,NULL,"60,231",NULL,"",1,1,NULL,"",0,"2024-01-01",NULL,NULL,"active",1,0,0,"learning path",NULL,"Full Curriculum"
233,1145,0,"DnYXBsu_YkMCTeyw9y1O1C5BfpNlE5dwqluyFutgVfk_","DnYXBsu_YkMCTeyw9y1O1C5BfpNlE5dwqluyFutgVfk_","2/6/24",NULL,"60,70,35,250,251,230,243,71,235,63,65",NULL,"",1,1,NULL,"",0,"0002-06-24",NULL,NULL,"active",1,0,0,"learning path",NULL,"Full Curriculum"
234,1145,0,"Yerv1DE_qW1Rq4No4FPvFMHIBHWFbfD6cfV7HMcyEHs_","Yerv1DE_qW1Rq4No4FPvFMHIBHWFbfD6cfV7HMcyEHs_","2/6/24",NULL,"60,70,71,61,237,235,234,100,65,233",NULL,"",1,1,NULL,"",0,"0002-06-24",NULL,NULL,"active",1,0,0,"learning path",NULL,"Full Curriculum"
